[
    {
      "id": "c1",
      "nome": "Macedo de Cavaleiros",
      "população": 34513,
      "descrição": "Irure nulla reprehenderit voluptate voluptate ut ad ut aliqua quis velit. Ea sit ex tempor exercitation. Culpa culpa laboris mollit nisi dolore aliqua anim velit do Lorem ipsum. Nostrud est ex minim non in nostrud ipsum cupidatat id labore occaecat voluptate. Aliqua et aute ullamco consequat nulla anim quis velit.",
      "distrito": "Bragança"
    },
    {
      "id": "c2",
      "nome": "Santiago do Cacém",
      "população": 171384,
      "descrição": "Ea excepteur do irure ex labore et laborum cillum sint incididunt reprehenderit et culpa amet. Ut consectetur laboris cillum culpa aute pariatur cillum. Aliqua occaecat laborum enim nisi. Et esse proident tempor et dolor qui ad veniam est nostrud officia sint. Aute eu quis fugiat velit incididunt.",
      "distrito": "Setúbal"
    },
    {
      "id": "c3",
      "nome": "Vale de Cambra",
      "população": 83903,
      "descrição": "Consectetur ut et deserunt quis culpa ullamco proident. Amet anim et voluptate ipsum occaecat consectetur. Sunt cupidatat nisi excepteur mollit incididunt id officia anim velit adipisicing elit irure eiusmod. Adipisicing exercitation labore amet aliqua amet. Minim incididunt tempor amet officia veniam ut veniam laborum velit ipsum est.",
      "distrito": "Aveiro"
    },
    {
      "id": "c4",
      "nome": "Mêda",
      "população": 53997,
      "descrição": "Occaecat pariatur do ad proident adipisicing exercitation non ullamco. Do et veniam excepteur adipisicing elit sit dolore quis occaecat consequat. Irure duis dolore ut fugiat aute aliqua eu. Ipsum tempor ipsum sunt labore eu dolore dolor ea. Nostrud consequat esse sunt anim voluptate consectetur fugiat proident quis tempor incididunt.",
      "distrito": "Guarda"
    },
    {
      "id": "c5",
      "nome": "Nazaré",
      "população": 157224,
      "descrição": "Pariatur cupidatat veniam Lorem sit fugiat duis amet ut esse tempor enim proident fugiat. Dolore veniam occaecat non esse ex adipisicing pariatur occaecat aliqua duis. Excepteur adipisicing ea consequat adipisicing laborum ipsum cillum irure labore cillum eiusmod fugiat. Quis incididunt Lorem nisi ut commodo. Minim proident cupidatat ullamco cupidatat et duis dolor do nulla. Et proident ex nostrud reprehenderit nisi tempor reprehenderit ea. Culpa magna cupidatat dolore ad.",
      "distrito": "Leiria"
    },
    {
      "id": "c6",
      "nome": "Olhão",
      "população": 375341,
      "descrição": "Excepteur ex nulla sint qui aute exercitation consectetur in amet consequat sunt. Ut Lorem et exercitation excepteur consectetur labore ut dolore elit. Amet pariatur ipsum non incididunt reprehenderit veniam. Consectetur pariatur pariatur aute anim aute esse anim est esse velit. Aliquip ullamco labore cupidatat deserunt aute nostrud aute tempor. Dolore tempor mollit nostrud reprehenderit dolore labore occaecat nostrud ex. Mollit veniam occaecat Lorem elit dolor nulla ea.",
      "distrito": "Faro"
    },
    {
      "id": "c7",
      "nome": "Peniche",
      "população": 457022,
      "descrição": "Do veniam elit ipsum dolor do irure nisi aliquip duis consectetur. Duis pariatur dolor laborum sint. Veniam amet amet ad deserunt id esse commodo nostrud consequat aliqua amet aute excepteur do. Voluptate incididunt magna consequat cupidatat sit commodo officia tempor consequat.",
      "distrito": "Leiria"
    },
    {
      "id": "c8",
      "nome": "Ribeira de Pena",
      "população": 508726,
      "descrição": "Mollit enim nostrud deserunt minim laboris. Ut sint proident velit veniam. In ullamco minim enim consectetur esse qui consequat eu duis occaecat nisi Lorem. Ea nostrud velit amet esse do nulla eu mollit eu velit in. Occaecat elit aliquip eu proident adipisicing eiusmod ullamco eu veniam amet nostrud cupidatat aliqua non. Consectetur aliqua cillum minim ullamco ullamco labore do in elit sint consectetur enim aute. Pariatur ipsum labore est amet non.",
      "distrito": "Vila Real"
    },
    {
      "id": "c9",
      "nome": "Arcozelo",
      "população": 321286,
      "descrição": "Qui mollit dolor anim tempor ex minim exercitation. Anim excepteur eiusmod tempor ullamco do fugiat nisi velit ad aliquip ea. Ad nulla excepteur dolore occaecat mollit cupidatat nisi laborum. Ullamco est incididunt occaecat quis nostrud nulla dolor anim. Amet cupidatat sit magna ullamco. Aliqua qui in laborum fugiat elit.",
      "distrito": "Viana do Castelo"
    },
    {
      "id": "c10",
      "nome": "Vila Nova de Foz Côa",
      "população": 41604,
      "descrição": "Consectetur qui ullamco sunt commodo et. Voluptate esse cupidatat velit excepteur occaecat eu non anim sunt dolor consequat dolor. Aliquip mollit ad quis laborum eu sunt duis ad in sint. Eu ipsum irure consequat enim anim ullamco. Incididunt do magna qui cillum. Esse et consequat adipisicing exercitation esse enim laboris ut nisi reprehenderit consectetur.",
      "distrito": "Guarda"
    },
    {
      "id": "c11",
      "nome": "Condeixa-a-Nova",
      "população": 533326,
      "descrição": "Tempor aliqua officia fugiat occaecat ad exercitation exercitation commodo occaecat. Tempor cillum consectetur adipisicing est. Ipsum nulla fugiat sunt commodo quis sunt enim amet consequat laborum ex voluptate esse nisi. Amet dolore Lorem pariatur voluptate labore est ullamco. Eiusmod laboris incididunt proident deserunt reprehenderit aute officia et ea ea. Ex eiusmod labore dolor labore dolore nisi velit fugiat. Cupidatat est adipisicing ea nisi duis officia qui.",
      "distrito": "Coimbra"
    },
    {
      "id": "c12",
      "nome": "Alvito",
      "população": 189805,
      "descrição": "Minim id esse laborum magna amet laboris qui irure dolore commodo reprehenderit velit commodo. Culpa laborum ipsum occaecat elit et occaecat. Quis Lorem veniam id eu id ex Lorem qui reprehenderit minim proident. Incididunt occaecat veniam eiusmod id do aute.",
      "distrito": "Beja"
    },
    {
      "id": "c13",
      "nome": "Sobral de Monte Agraço",
      "população": 511374,
      "descrição": "Pariatur commodo incididunt sunt deserunt labore deserunt. Tempor duis id laboris irure irure aliqua magna adipisicing aliqua aute ut reprehenderit pariatur sint. Ullamco ipsum sit labore do pariatur commodo cillum proident sunt do. Enim mollit amet deserunt consectetur anim nisi adipisicing et aliqua est laborum in.",
      "distrito": "Lisboa"
    },
    {
      "id": "c14",
      "nome": "Penalva do Castelo",
      "população": 330244,
      "descrição": "Est ea enim dolor aliquip laborum qui enim tempor. Et ea sit commodo qui in enim id ipsum Lorem nostrud irure in excepteur. Elit exercitation qui tempor qui magna ex velit.",
      "distrito": "Viseu"
    },
    {
      "id": "c15",
      "nome": "Ermezinde",
      "população": 341968,
      "descrição": "Excepteur do aliqua eiusmod velit occaecat. Incididunt incididunt officia consectetur irure minim fugiat minim nulla incididunt aute irure. Commodo laborum non sint proident ad magna excepteur laborum. Occaecat enim et duis excepteur deserunt in excepteur officia Lorem pariatur. Voluptate sint nisi ad ullamco.",
      "distrito": "Porto"
    },
    {
      "id": "c16",
      "nome": "Vila Viçosa",
      "população": 416688,
      "descrição": "Quis amet magna elit consectetur amet. Mollit non nulla dolor nulla mollit elit eiusmod qui reprehenderit deserunt veniam aliquip culpa. Occaecat ad aliqua proident tempor enim voluptate cupidatat commodo cupidatat est reprehenderit. Veniam esse quis aliquip dolor deserunt consectetur. Pariatur qui ea esse sit aliqua anim ea. Id aute irure eu veniam in sunt velit deserunt officia cillum ad anim occaecat. Non dolore mollit fugiat veniam non fugiat.",
      "distrito": "Évora"
    },
    {
      "id": "c17",
      "nome": "Vila Nova de Paiva",
      "população": 408223,
      "descrição": "Quis sunt proident exercitation Lorem quis cillum non irure ea nostrud voluptate ea est. Aliqua dolore ea ipsum laborum id sint aute officia. Nulla sint aliqua irure velit esse laborum ea ad consectetur dolor cupidatat pariatur ullamco veniam. Magna fugiat irure aliquip voluptate pariatur officia esse exercitation est eiusmod id id minim.",
      "distrito": "Viseu"
    },
    {
      "id": "c18",
      "nome": "Salvaterra de Magos",
      "população": 442083,
      "descrição": "Anim sunt non sunt anim minim aliqua. Excepteur do qui deserunt nulla ut velit duis laboris. Occaecat qui fugiat non culpa ex voluptate commodo cupidatat.",
      "distrito": "Santarém"
    },
    {
      "id": "c19",
      "nome": "Vila do Bispo",
      "população": 435335,
      "descrição": "Pariatur minim in ad nisi amet consequat adipisicing laboris. Incididunt id ex elit officia aliquip ex exercitation qui cillum occaecat. Sit sunt labore veniam excepteur nulla sint deserunt ad quis proident deserunt. Adipisicing dolor Lorem commodo do. In elit velit nulla pariatur nulla ea. Laboris consectetur occaecat consectetur commodo velit adipisicing proident nisi laborum labore velit tempor duis aute. Elit excepteur cupidatat enim ex esse elit id culpa sunt ex Lorem.",
      "distrito": "Faro"
    },
    {
      "id": "c20",
      "nome": "Sernancelhe",
      "população": 358031,
      "descrição": "Aliqua quis excepteur velit et. Veniam consectetur amet eiusmod qui reprehenderit labore cupidatat sit nostrud cupidatat aliqua nulla non reprehenderit. Reprehenderit irure do nulla et. Deserunt eiusmod ad ipsum sit fugiat consequat sit non Lorem sint. Enim laboris excepteur nostrud officia cillum excepteur ut non. Adipisicing Lorem incididunt id incididunt minim.",
      "distrito": "Viseu"
    },
    {
      "id": "c21",
      "nome": "Celorico de Basto",
      "população": 235467,
      "descrição": "Laborum officia eiusmod excepteur quis. Eiusmod aliqua nostrud duis anim tempor eu anim qui pariatur commodo culpa culpa nisi. Fugiat Lorem sunt aute aute adipisicing sunt. Deserunt id excepteur sunt reprehenderit ea. Do pariatur incididunt cillum sint enim labore sit quis voluptate minim irure nulla. Aliquip ea nostrud sint magna eu laboris tempor nostrud commodo laborum nostrud adipisicing.",
      "distrito": "Braga"
    },
    {
      "id": "c22",
      "nome": "Vagos",
      "população": 503361,
      "descrição": "Consequat labore ut ut ad ex exercitation. Officia Lorem irure eiusmod Lorem quis ea velit reprehenderit exercitation nostrud. Exercitation ea tempor ullamco voluptate do cillum dolor.",
      "distrito": "Aveiro"
    },
    {
      "id": "c23",
      "nome": "São Martinho",
      "população": 519715,
      "descrição": "Nisi veniam ad veniam ut ea. Cupidatat eu duis ut et dolore non cupidatat anim magna sunt amet. Ad laborum cupidatat eiusmod dolor aliquip tempor.",
      "distrito": "Lisboa"
    },
    {
      "id": "c24",
      "nome": "Mangualde",
      "população": 183983,
      "descrição": "Nisi qui proident excepteur irure sit ad occaecat duis aliqua. Proident anim nisi consectetur in elit consequat. Irure tempor tempor esse reprehenderit amet deserunt. Ad sunt irure reprehenderit laborum laboris sint laborum consectetur irure aliquip duis culpa labore. Id sint dolor excepteur dolore Lorem nisi et. Aliqua excepteur velit pariatur aliqua voluptate et.",
      "distrito": "Viseu"
    },
    {
      "id": "c25",
      "nome": "Resende",
      "população": 273896,
      "descrição": "Pariatur et elit magna proident qui incididunt nisi reprehenderit consectetur. Magna laborum voluptate proident sunt eu. Cillum ut dolor anim sunt cupidatat ea cillum aute eu anim irure ipsum sint excepteur.",
      "distrito": "Viseu"
    },
    {
      "id": "c26",
      "nome": "Arcos de Valdevez",
      "população": 168615,
      "descrição": "Officia reprehenderit culpa reprehenderit anim eu sunt in aliquip nostrud sint. Esse tempor nisi non veniam elit quis consectetur minim mollit. Do fugiat eu proident sit labore. Id nulla esse velit qui sit occaecat ad ea dolore. Voluptate nostrud excepteur tempor exercitation. Irure magna sit nulla enim cupidatat sint quis exercitation. Et dolor eu nulla officia nostrud officia nulla laborum sunt anim.",
      "distrito": "Viana do Castelo"
    },
    {
      "id": "c27",
      "nome": "Beja",
      "população": 417445,
      "descrição": "Do reprehenderit ad occaecat nulla ut est enim voluptate occaecat tempor labore. Lorem eiusmod reprehenderit officia amet velit adipisicing irure id ea in commodo esse duis. Ullamco consequat ullamco dolore laboris pariatur qui nostrud dolore consequat. Dolore ea occaecat eiusmod exercitation proident. Minim est enim cupidatat ex consectetur ullamco. Ad velit tempor excepteur eu. Laborum irure est ea officia nostrud do commodo aute enim amet exercitation cupidatat.",
      "distrito": "Beja"
    },
    {
      "id": "c28",
      "nome": "Entroncamento",
      "população": 259318,
      "descrição": "Culpa nulla ut qui amet eiusmod voluptate sunt quis velit aliquip minim dolor occaecat. Aliquip enim in consequat incididunt voluptate. Elit dolor aliquip voluptate in deserunt culpa dolor fugiat officia officia in id consectetur. Occaecat esse sit irure veniam ex culpa est minim nostrud reprehenderit minim pariatur dolore.",
      "distrito": "Santarém"
    },
    {
      "id": "c29",
      "nome": "Alcanena",
      "população": 6032,
      "descrição": "Quis nisi in anim consequat cillum minim id. Ea amet velit esse quis officia anim proident consectetur anim. Consequat occaecat deserunt cupidatat id non Lorem qui nisi et laboris. Sunt ea incididunt incididunt deserunt officia fugiat proident pariatur.",
      "distrito": "Santarém"
    },
    {
      "id": "c30",
      "nome": "Setúbal",
      "população": 437892,
      "descrição": "Excepteur laborum pariatur sit velit voluptate do. Ullamco aliqua aliqua laborum nisi Lorem Lorem et incididunt. Elit fugiat commodo ad nostrud mollit veniam velit adipisicing do nisi aute. Mollit dolore nostrud eiusmod ea nisi nostrud ipsum in excepteur tempor ad enim reprehenderit sit. Do et cupidatat deserunt occaecat labore voluptate irure eu ad.",
      "distrito": "Setúbal"
    },
    {
      "id": "c31",
      "nome": "Estarreja",
      "população": 318553,
      "descrição": "Consectetur ullamco dolore officia et dolor ullamco ullamco. Laborum anim officia non elit sit anim. Sint do cillum esse deserunt. Pariatur est laborum esse cupidatat est est. Est labore eiusmod proident voluptate proident eiusmod quis. Reprehenderit dolore aute ullamco magna. Est aliquip mollit ullamco laborum amet culpa do proident nulla occaecat cupidatat.",
      "distrito": "Aveiro"
    },
    {
      "id": "c32",
      "nome": "Portel",
      "população": 447947,
      "descrição": "Culpa pariatur pariatur sint velit mollit minim fugiat id dolor fugiat ex non. Culpa do velit enim sint proident ea anim adipisicing ea culpa. Amet exercitation tempor ex sint aliquip qui ex nostrud anim ipsum amet excepteur. Lorem cillum ex veniam velit quis ad id eiusmod labore. In laborum ex fugiat Lorem amet do nulla tempor sint. Ullamco nulla sint fugiat qui cillum non pariatur ea in Lorem esse ipsum velit cupidatat.",
      "distrito": "Évora"
    },
    {
      "id": "c33",
      "nome": "Porto de Mós",
      "população": 218652,
      "descrição": "Culpa et quis voluptate ut dolor labore aliquip aliqua non laborum consectetur laboris occaecat. Veniam elit eu sint minim aliquip minim in veniam consequat exercitation nulla consectetur. Cupidatat tempor excepteur aliqua excepteur consequat incididunt anim minim minim.",
      "distrito": "Leiria"
    },
    {
      "id": "c34",
      "nome": "Esposende",
      "população": 124553,
      "descrição": "Et nisi est in nostrud cupidatat ex sunt deserunt consectetur. Cupidatat officia qui nostrud commodo eiusmod magna laboris eiusmod. Ullamco cillum sit qui do. Enim sint commodo fugiat et et commodo reprehenderit do adipisicing quis.",
      "distrito": "Braga"
    },
    {
      "id": "c35",
      "nome": "Vila de Rei",
      "população": 66672,
      "descrição": "Voluptate anim nostrud deserunt reprehenderit consequat anim anim reprehenderit aliquip id. Officia deserunt quis ullamco excepteur eu duis sint id excepteur cupidatat in. Occaecat commodo veniam reprehenderit ad. Deserunt commodo occaecat nisi Lorem non labore et. Deserunt adipisicing duis do ex anim sit. Culpa ad incididunt incididunt consectetur irure ea.",
      "distrito": "Castelo Branco"
    },
    {
      "id": "c36",
      "nome": "Oliveira do Bairro",
      "população": 182204,
      "descrição": "Duis elit eiusmod aliqua excepteur ut laboris. Fugiat nulla culpa sint duis cupidatat tempor do aute nostrud amet aute minim eiusmod consequat. Tempor cillum velit enim est aliquip elit occaecat esse dolore aliqua Lorem consequat. Dolore ea tempor esse veniam laborum.",
      "distrito": "Aveiro"
    },
    {
      "id": "c37",
      "nome": "Mealhada",
      "população": 103983,
      "descrição": "Officia duis reprehenderit culpa magna consectetur est nisi pariatur adipisicing. Laborum ullamco consequat laborum consequat in. Ad laborum quis nulla eu. Nisi ex duis laboris magna amet officia labore. Aliqua excepteur laboris enim anim ullamco anim officia nostrud ad ipsum. Enim non deserunt enim dolore cillum excepteur pariatur mollit aliquip cupidatat non duis commodo.",
      "distrito": "Aveiro"
    },
    {
      "id": "c38",
      "nome": "Riba de Ave",
      "população": 53852,
      "descrição": "Ad officia ut quis nisi ex nisi tempor laborum aute. Nostrud consectetur ea elit minim duis reprehenderit est culpa. Reprehenderit commodo cupidatat officia qui ipsum magna quis proident laboris consectetur do aliqua. Et ut velit ullamco mollit irure dolore enim ad. Consectetur dolore irure nostrud esse consequat aliquip enim minim reprehenderit Lorem aute culpa Lorem. Amet aliqua reprehenderit veniam culpa nostrud occaecat adipisicing. Excepteur culpa occaecat fugiat anim ullamco culpa enim.",
      "distrito": "Braga"
    },
    {
      "id": "c39",
      "nome": "Santa Comba Dão",
      "população": 171132,
      "descrição": "Ad officia velit officia nulla cupidatat occaecat laborum et. Deserunt ea reprehenderit consequat in aliquip pariatur eiusmod. Pariatur consequat quis ex consectetur. Laborum sint esse et et.",
      "distrito": "Viseu"
    },
    {
      "id": "c40",
      "nome": "Cacém",
      "população": 102591,
      "descrição": "Do ex labore sunt aliquip excepteur in eiusmod culpa aliqua voluptate ad non dolor. Aliquip magna proident eiusmod enim laborum consequat do nostrud laborum excepteur laboris adipisicing incididunt mollit. Officia fugiat ut magna eiusmod aliquip laboris ea.",
      "distrito": "Lisboa"
    },
    {
      "id": "c41",
      "nome": "Covilhã",
      "população": 111007,
      "descrição": "Nostrud in dolore consequat est eiusmod anim excepteur aliquip pariatur nostrud est. Est aliquip dolore cupidatat ullamco reprehenderit magna cupidatat consectetur nostrud esse eu non nisi. Adipisicing ipsum exercitation aliqua ipsum consectetur esse pariatur dolore ea nostrud. Tempor enim non velit proident do ut ad ex culpa ex.",
      "distrito": "Castelo Branco"
    },
    {
      "id": "c42",
      "nome": "Póvoa de Lanhoso",
      "população": 300313,
      "descrição": "Do commodo enim minim ex adipisicing laborum occaecat. Sint amet cupidatat in ex esse fugiat voluptate tempor deserunt. Nisi et in ex culpa aute labore cupidatat magna amet officia. Laboris do est ipsum adipisicing commodo dolor ut eu aute amet.",
      "distrito": "Braga"
    },
    {
      "id": "c43",
      "nome": "Amarante",
      "população": 131912,
      "descrição": "Ipsum esse Lorem occaecat veniam commodo fugiat laboris pariatur elit cupidatat nulla cillum. Voluptate esse ea id irure proident eu consectetur ipsum magna do. Nostrud incididunt eu mollit fugiat nostrud. Aliqua sint culpa quis dolor consequat tempor voluptate laboris Lorem. Laborum excepteur veniam anim dolore proident dolore eiusmod nostrud Lorem adipisicing excepteur duis.",
      "distrito": "Porto"
    },
    {
      "id": "c44",
      "nome": "Lorvão",
      "população": 86324,
      "descrição": "Tempor labore eiusmod tempor sint et qui commodo ipsum ex. Eu ipsum do duis nostrud fugiat velit consectetur. Consequat tempor proident velit exercitation adipisicing exercitation elit.",
      "distrito": "Coimbra"
    },
    {
      "id": "c45",
      "nome": "Olival",
      "população": 299999,
      "descrição": "Dolore reprehenderit id ad voluptate aliquip aute. Occaecat in fugiat fugiat in proident veniam ullamco do incididunt commodo ipsum ex ad. Cillum commodo et dolor occaecat exercitation nostrud nulla laboris dolore minim eiusmod aute dolore. Ipsum aute commodo magna minim tempor ad id dolore ea deserunt commodo.",
      "distrito": "Porto"
    },
    {
      "id": "c46",
      "nome": "Mértola",
      "população": 227259,
      "descrição": "Ullamco officia magna ipsum excepteur. Consequat consequat anim aute non nisi exercitation occaecat aliquip excepteur est et labore. Ad anim aute voluptate commodo pariatur commodo enim pariatur consequat. Ipsum aliquip mollit culpa do esse consectetur officia aliquip pariatur commodo. Consectetur consequat enim velit ullamco aliquip sint voluptate Lorem irure anim. Occaecat do enim proident pariatur voluptate magna nisi anim id consectetur ea. Quis consequat aliqua sunt ea minim minim proident ea consectetur cupidatat quis fugiat est esse.",
      "distrito": "Beja"
    },
    {
      "id": "c47",
      "nome": "Ferreiros",
      "população": 510544,
      "descrição": "Incididunt eiusmod cupidatat occaecat cupidatat. Qui consectetur Lorem quis culpa commodo cillum do eiusmod ut ex officia incididunt incididunt ipsum. Duis qui sint veniam ad deserunt ex eiusmod amet nisi eiusmod excepteur est. Esse irure eu excepteur nisi laborum laboris eu adipisicing ea ullamco incididunt cillum laborum. Do nostrud non consectetur Lorem.",
      "distrito": "Braga"
    },
    {
      "id": "c48",
      "nome": "Moita",
      "população": 70983,
      "descrição": "Ullamco ex incididunt mollit nulla ex. Duis incididunt nisi ut consequat minim cillum mollit minim nisi ut cillum magna. Labore voluptate proident et cupidatat tempor esse. Deserunt est eiusmod exercitation Lorem irure et ut irure enim. Fugiat sit do dolore eiusmod mollit ullamco exercitation ipsum fugiat cupidatat esse tempor ea. Elit sunt cillum quis nulla eu ad sit fugiat.",
      "distrito": "Setúbal"
    },
    {
      "id": "c49",
      "nome": "Lamego",
      "população": 301807,
      "descrição": "Reprehenderit cupidatat labore velit magna irure ea cillum consectetur ex id cillum. Dolore consectetur laborum ut tempor labore labore voluptate do velit. Veniam non culpa sunt id consectetur magna esse sit ullamco proident. Pariatur consequat voluptate exercitation dolor do fugiat nisi labore sint irure occaecat ullamco Lorem exercitation.",
      "distrito": "Viseu"
    },
    {
      "id": "c50",
      "nome": "Penafiel",
      "população": 202312,
      "descrição": "Incididunt aute non id cillum adipisicing irure excepteur elit quis pariatur ut eu ad nulla. Nostrud aute cupidatat irure qui enim ipsum culpa excepteur amet in duis. Dolor et ipsum reprehenderit cupidatat ad ex voluptate mollit. Aliqua laboris culpa commodo enim cupidatat tempor dolor occaecat laborum. Ullamco ut incididunt sint elit.",
      "distrito": "Porto"
    },
    {
      "id": "c51",
      "nome": "Trouxemil",
      "população": 122200,
      "descrição": "Do enim aliqua nisi occaecat eiusmod cupidatat nisi sit duis incididunt deserunt qui consectetur. Ex nulla ea non in voluptate non qui magna incididunt enim. Tempor elit laborum cillum irure duis nisi labore laborum id.",
      "distrito": "Coimbra"
    },
    {
      "id": "c52",
      "nome": "Montemor-o-Velho",
      "população": 547292,
      "descrição": "Anim aute aute consequat adipisicing duis officia est id occaecat reprehenderit ea excepteur esse ad. Id in ea ullamco ea. Cillum reprehenderit tempor reprehenderit qui sit cupidatat pariatur adipisicing. Nulla sit et anim duis anim culpa commodo veniam ex. Ea do minim incididunt in do eu proident veniam. Ipsum mollit commodo do aliqua quis dolor aliqua proident veniam elit labore et. Mollit dolore eiusmod veniam qui voluptate dolore culpa qui mollit occaecat eiusmod dolore esse.",
      "distrito": "Coimbra"
    },
    {
      "id": "c53",
      "nome": "Oleiros",
      "população": 104065,
      "descrição": "Eiusmod exercitation elit proident minim esse velit sint reprehenderit esse nostrud sit labore et elit. Tempor in eiusmod laboris consectetur sunt sit sit. Sit eiusmod ut ut laboris sunt pariatur fugiat. Veniam id do deserunt officia culpa magna quis cupidatat. Qui ad magna aliquip cupidatat laborum eiusmod mollit laborum laborum.",
      "distrito": "Castelo Branco"
    },
    {
      "id": "c54",
      "nome": "Manteigas",
      "população": 96360,
      "descrição": "Ea est laboris esse adipisicing dolore enim non irure deserunt. Enim esse cillum exercitation incididunt quis irure ipsum do adipisicing laborum nulla. Et est Lorem laborum est adipisicing. Non non et duis exercitation eu ad commodo et commodo magna incididunt magna proident irure. Exercitation mollit fugiat anim do nisi deserunt deserunt laborum sit ullamco ad ea magna voluptate. Laboris officia esse qui dolore aliquip culpa incididunt culpa eu voluptate ad irure. Nostrud magna nulla commodo cupidatat.",
      "distrito": "Guarda"
    },
    {
      "id": "c55",
      "nome": "Cinfães",
      "população": 89926,
      "descrição": "Anim Lorem laboris culpa exercitation non velit aliqua Lorem laboris est ea aliqua laborum veniam. Adipisicing dolor commodo aute dolore ea nisi sint minim adipisicing incididunt. Nostrud esse fugiat exercitation laborum aliquip sint do fugiat sunt occaecat commodo enim minim. Do qui enim est voluptate fugiat aute eiusmod.",
      "distrito": "Viseu"
    },
    {
      "id": "c56",
      "nome": "Gouveia",
      "população": 202757,
      "descrição": "Nulla dolore adipisicing excepteur nulla irure ex ad culpa id fugiat consequat eiusmod. Mollit cupidatat Lorem est proident. Esse exercitation deserunt proident fugiat veniam ipsum nulla dolor occaecat incididunt exercitation cillum anim anim. Aliquip eu tempor voluptate ipsum eiusmod. Excepteur magna id culpa excepteur cillum excepteur ullamco est ullamco. Commodo labore et ea adipisicing deserunt fugiat nulla officia commodo.",
      "distrito": "Guarda"
    },
    {
      "id": "c57",
      "nome": "Quarteira",
      "população": 496039,
      "descrição": "Ut occaecat occaecat magna velit velit proident ullamco sit. Eiusmod qui non aliqua pariatur laboris nostrud enim reprehenderit cillum aute laborum. Pariatur officia Lorem tempor id aliqua magna aute ullamco consequat adipisicing. Adipisicing incididunt aute velit ipsum labore tempor duis sit dolore nisi. Velit dolor magna ullamco pariatur consectetur anim in proident cillum. Adipisicing aliqua sit laboris sit excepteur sit ea esse sunt sit non cillum irure dolor.",
      "distrito": "Faro"
    },
    {
      "id": "c58",
      "nome": "Almargem",
      "população": 100654,
      "descrição": "Do quis cupidatat esse reprehenderit sit anim est in deserunt. Irure nostrud deserunt nulla culpa minim in adipisicing mollit amet do. Reprehenderit velit anim consectetur minim sint fugiat Lorem veniam deserunt commodo consequat ex magna. Pariatur do excepteur veniam duis incididunt. Consectetur aliquip ipsum et quis pariatur laboris quis. Proident aute irure in aliqua elit aliquip voluptate ullamco excepteur ipsum consequat. Adipisicing culpa cillum proident qui ullamco aliqua excepteur et incididunt pariatur nisi.",
      "distrito": "Lisboa"
    },
    {
      "id": "c59",
      "nome": "Castro Marim",
      "população": 136395,
      "descrição": "Proident consequat non amet qui aliquip laboris eu aliqua quis eu culpa. Culpa esse velit fugiat incididunt officia. Officia adipisicing non commodo culpa fugiat culpa reprehenderit veniam. Labore ut ipsum magna adipisicing consectetur.",
      "distrito": "Faro"
    },
    {
      "id": "c60",
      "nome": "Sabugal",
      "população": 484936,
      "descrição": "Quis velit deserunt eu culpa. Occaecat irure id enim adipisicing proident duis nisi eu fugiat consequat cillum id. Dolore ipsum laboris exercitation ex. Aliqua veniam reprehenderit magna culpa anim ea amet.",
      "distrito": "Guarda"
    },
    {
      "id": "c61",
      "nome": "Figueira da Foz",
      "população": 460820,
      "descrição": "Elit ex sunt minim amet sunt voluptate aute. Dolor deserunt excepteur esse enim sint tempor officia dolore amet ullamco proident dolor. Aute quis cupidatat culpa sunt. Eiusmod quis laboris nostrud aute deserunt adipisicing sunt elit fugiat.",
      "distrito": "Coimbra"
    },
    {
      "id": "c62",
      "nome": "Fafe",
      "população": 186931,
      "descrição": "Aliquip enim commodo et deserunt incididunt adipisicing cillum magna. Deserunt irure in occaecat officia sint ullamco incididunt minim sunt do esse eiusmod commodo velit. Commodo dolor excepteur nisi enim laborum ad cillum id enim consequat. Deserunt et laborum nulla consequat do incididunt minim cillum ullamco. Laborum proident consectetur exercitation Lorem fugiat commodo adipisicing fugiat et ullamco est id velit.",
      "distrito": "Braga"
    },
    {
      "id": "c63",
      "nome": "Nisa",
      "população": 199648,
      "descrição": "Sit magna est do officia tempor ullamco cillum. Ut fugiat dolore eiusmod mollit sunt commodo excepteur tempor. Ea labore anim eu dolor consequat laboris officia magna enim consectetur sunt culpa. Eu adipisicing excepteur esse ea sit amet exercitation.",
      "distrito": "Portalegre"
    },
    {
      "id": "c64",
      "nome": "Oliveira de Azemeis",
      "população": 450780,
      "descrição": "Sunt ullamco qui ut nulla incididunt anim proident. Consectetur fugiat non ex minim laborum ex deserunt elit Lorem laborum mollit nostrud. Occaecat consectetur ipsum magna aute veniam. Reprehenderit ipsum sit exercitation ea eu ex deserunt nulla. Mollit elit Lorem adipisicing eu labore quis quis sit dolor amet eu sit nisi. Aliqua voluptate et cupidatat esse fugiat in eu incididunt consequat voluptate. Laboris mollit quis amet duis deserunt minim est proident esse qui non.",
      "distrito": "Aveiro"
    },
    {
      "id": "c65",
      "nome": "Alcoutim",
      "população": 374215,
      "descrição": "Nostrud labore velit ut cupidatat adipisicing Lorem reprehenderit. Exercitation culpa laborum consequat laborum eu ad veniam deserunt nostrud nostrud velit. Aliquip ex ipsum incididunt labore do ullamco do velit ea anim. Fugiat tempor tempor consequat esse dolore nisi exercitation ex consequat tempor consectetur sint fugiat. Labore ex tempor nisi adipisicing est nisi nisi. Qui culpa enim minim pariatur eu magna occaecat excepteur nisi nulla qui occaecat. In incididunt exercitation ut anim culpa occaecat dolore.",
      "distrito": "Faro"
    },
    {
      "id": "c66",
      "nome": "Sines",
      "população": 156770,
      "descrição": "Laboris veniam ex ad nisi velit eiusmod velit fugiat consectetur amet enim cillum non laboris. Ex et esse mollit officia ex ex ea aliquip deserunt voluptate. Fugiat quis eiusmod et culpa nostrud voluptate qui tempor ex occaecat laboris in.",
      "distrito": "Setúbal"
    },
    {
      "id": "c67",
      "nome": "Trofa",
      "população": 517998,
      "descrição": "Consequat sunt reprehenderit laborum excepteur dolor fugiat laborum eu consectetur. Aute do labore consequat est labore enim ex sint reprehenderit irure proident voluptate. Eiusmod veniam enim nostrud cupidatat dolor fugiat sit anim. Cupidatat nostrud sit est cillum do id cupidatat culpa esse amet ipsum ex incididunt nostrud. Ea voluptate labore aliquip mollit aliqua cillum duis enim proident. Officia nulla quis deserunt laboris cupidatat mollit fugiat. Dolore amet sit cupidatat exercitation adipisicing sint nostrud.",
      "distrito": "Porto"
    },
    {
      "id": "c68",
      "nome": "Vizela",
      "população": 137129,
      "descrição": "Sint laboris deserunt irure pariatur id pariatur ullamco voluptate consequat aute amet nisi commodo eu. Qui ea tempor consequat Lorem laborum qui. Pariatur sunt quis anim in occaecat deserunt aute. Duis mollit aute cillum ullamco deserunt ad in incididunt dolor sit irure ullamco do.",
      "distrito": "Porto"
    },
    {
      "id": "c69",
      "nome": "Sardoal",
      "população": 532169,
      "descrição": "Enim sunt officia nostrud aute officia veniam cillum fugiat sit laborum non excepteur. Ad adipisicing commodo est esse minim. Dolore amet aliquip proident eu laborum ea laboris nulla excepteur culpa esse amet culpa.",
      "distrito": "Santarém"
    },
    {
      "id": "c70",
      "nome": "Póvoa de Varzim",
      "população": 8399,
      "descrição": "Incididunt officia qui sit incididunt velit id nostrud aliqua. Mollit dolor irure aute pariatur ut aute aliquip elit est commodo nostrud anim sit. Anim ipsum dolore sint labore Lorem minim sint culpa ullamco ad aute voluptate ea. Officia eu irure magna et exercitation qui ipsum tempor magna qui. Magna exercitation qui veniam excepteur voluptate adipisicing ad laborum minim ex nulla. Id veniam qui tempor et cillum sit magna anim.",
      "distrito": "Porto"
    },
    {
      "id": "c71",
      "nome": "Santa Marta de Penaguião",
      "população": 121473,
      "descrição": "Sint amet deserunt reprehenderit et mollit elit aute incididunt. Quis dolor eiusmod aliqua consectetur fugiat eiusmod laboris veniam mollit. Esse consequat irure ea ea labore do culpa laboris qui consequat reprehenderit ullamco reprehenderit veniam. Eu cillum occaecat et excepteur eu anim ea aliquip do occaecat magna magna nostrud. Est consectetur minim ex ullamco excepteur irure incididunt tempor cillum. Laboris ut irure sunt tempor officia.",
      "distrito": "Vila Real"
    },
    {
      "id": "c72",
      "nome": "Terras de Bouro",
      "população": 506211,
      "descrição": "Commodo ipsum irure esse ut ipsum eu aliquip in enim velit est. Ut nulla ut cupidatat cillum. Est exercitation labore aliquip ipsum. Proident minim culpa Lorem commodo fugiat Lorem dolor. Lorem excepteur ut minim et velit pariatur. Magna reprehenderit et quis duis sunt reprehenderit tempor sit nulla. Sint commodo do veniam deserunt.",
      "distrito": "Braga"
    },
    {
      "id": "c73",
      "nome": "Cadaval",
      "população": 19293,
      "descrição": "Nulla ullamco id culpa ullamco. Commodo culpa duis reprehenderit sint eu cupidatat nisi velit in sit. Lorem minim commodo Lorem deserunt eu ea ipsum magna.",
      "distrito": "Lisboa"
    },
    {
      "id": "c74",
      "nome": "Cascais",
      "população": 453850,
      "descrição": "Est anim est adipisicing pariatur pariatur deserunt ullamco laborum. Voluptate ex aute Lorem nulla reprehenderit commodo in. Exercitation mollit exercitation commodo cupidatat nisi minim sunt fugiat consequat tempor cillum. Eu deserunt ut magna fugiat consectetur veniam officia aliquip reprehenderit id ullamco irure adipisicing. Culpa ad minim aliqua ex adipisicing cupidatat eiusmod sit nisi minim ut laboris velit ex. Non cillum enim laboris irure velit in veniam esse ullamco laboris Lorem laborum consectetur.",
      "distrito": "Lisboa"
    },
    {
      "id": "c75",
      "nome": "Cantanhede",
      "população": 450948,
      "descrição": "Nulla voluptate do enim proident et dolor dolore nostrud laboris aliqua sunt dolore sunt. Eu occaecat elit enim dolore aute ullamco do consectetur ad velit ex sit ex nisi. Enim consequat exercitation quis ad est est est reprehenderit ea duis do enim id.",
      "distrito": "Coimbra"
    },
    {
      "id": "c76",
      "nome": "Ílhavo",
      "população": 102641,
      "descrição": "Incididunt qui velit mollit esse ex qui incididunt est do ad sint et. Non irure qui commodo non pariatur ad fugiat culpa cillum culpa laborum eiusmod sint et. Duis ex aute ipsum incididunt aliqua id est laborum cupidatat reprehenderit. Aute minim sunt fugiat commodo occaecat consequat nisi ea ad ex exercitation enim ullamco et.",
      "distrito": "Aveiro"
    },
    {
      "id": "c77",
      "nome": "Guimarães",
      "população": 497128,
      "descrição": "Laborum adipisicing in consequat cillum nisi tempor ex reprehenderit deserunt ipsum velit sit voluptate. Dolore eiusmod labore do ullamco excepteur anim nulla cillum in occaecat laboris duis. Fugiat commodo aliqua ad magna Lorem esse aute est. Ad cillum labore incididunt elit. Et laboris Lorem laborum irure est mollit consectetur aliquip exercitation laboris tempor amet. Officia reprehenderit aute laboris sint in sint sunt do aute Lorem consectetur esse adipisicing ullamco.",
      "distrito": "Braga"
    },
    {
      "id": "c78",
      "nome": "Aljezur",
      "população": 437507,
      "descrição": "Laborum commodo anim aute et consequat. Voluptate adipisicing exercitation sit in commodo dolore officia id. Officia voluptate esse duis excepteur commodo cillum enim eu dolor. Elit eiusmod fugiat mollit adipisicing magna dolore tempor est et. Adipisicing aute labore laborum laborum pariatur dolor Lorem do sit.",
      "distrito": "Faro"
    },
    {
      "id": "c79",
      "nome": "Loures",
      "população": 546829,
      "descrição": "Esse nisi ad tempor culpa amet magna commodo et incididunt incididunt elit quis ea. Labore adipisicing eiusmod pariatur officia cillum incididunt aute duis amet aute magna occaecat consequat. Commodo id ad elit dolor aute labore aliqua non ipsum dolore. Cillum est laborum sit veniam do qui non exercitation velit. Et amet velit anim cillum duis officia. Enim velit laboris commodo tempor ut cupidatat Lorem quis laborum officia aliqua deserunt minim pariatur. Sint culpa non velit consectetur Lorem laboris sint velit deserunt quis.",
      "distrito": "Lisboa"
    },
    {
      "id": "c80",
      "nome": "Arronches",
      "população": 241377,
      "descrição": "Ipsum commodo anim nisi id. Commodo Lorem esse laborum voluptate est sit nostrud minim exercitation est fugiat in velit ad. Reprehenderit in aute laboris nisi laboris duis eiusmod ut aliqua laborum officia aute adipisicing. Non cupidatat mollit deserunt incididunt officia nulla deserunt tempor laborum nostrud. Nisi ex mollit qui enim amet nulla id aute mollit deserunt. Velit laborum aliquip nulla Lorem nostrud non qui. Id minim sint commodo do excepteur consequat nisi laborum nostrud elit cupidatat ipsum.",
      "distrito": "Portalegre"
    },
    {
      "id": "c81",
      "nome": "Lousada",
      "população": 483002,
      "descrição": "In laborum ut exercitation excepteur nulla nisi non officia ipsum enim. Sint sit ex anim aute quis magna exercitation. Nulla id consectetur magna non quis eiusmod nisi fugiat.",
      "distrito": "Porto"
    },
    {
      "id": "c82",
      "nome": "Paredes",
      "população": 433798,
      "descrição": "Enim et in nisi nostrud deserunt ex nulla ipsum duis incididunt. Id sint eiusmod ipsum magna occaecat irure irure laboris eiusmod. Culpa aute eu enim non non eu Lorem anim occaecat adipisicing adipisicing.",
      "distrito": "Porto"
    },
    {
      "id": "c83",
      "nome": "Monforte",
      "população": 251241,
      "descrição": "Officia nulla mollit ullamco adipisicing consequat irure eu. Anim qui quis velit non voluptate cupidatat incididunt sint excepteur aute. Ad deserunt ex fugiat dolore mollit eiusmod do pariatur irure mollit ut cupidatat laborum cupidatat.",
      "distrito": "Portalegre"
    },
    {
      "id": "c84",
      "nome": "Abrantes",
      "população": 424502,
      "descrição": "Adipisicing ullamco cupidatat aliquip dolor amet. Exercitation sunt elit esse laboris ut aute dolore ullamco velit magna aliqua tempor reprehenderit. Veniam cupidatat do eu anim ipsum laboris id laboris labore ex ad sint aliqua. Deserunt incididunt sunt occaecat cillum deserunt tempor proident culpa quis nostrud ut cupidatat sint.",
      "distrito": "Santarém"
    },
    {
      "id": "c85",
      "nome": "Vila Franca de Xira",
      "população": 471607,
      "descrição": "Eiusmod proident qui nulla ea ex anim esse ullamco ad veniam consequat. Amet dolore ullamco amet minim culpa magna. Ex consectetur voluptate eu ex. Deserunt amet fugiat nisi dolor nostrud cillum laboris amet reprehenderit amet est pariatur. Tempor mollit anim Lorem ex eiusmod sunt officia pariatur proident officia deserunt velit in.",
      "distrito": "Lisboa"
    },
    {
      "id": "c86",
      "nome": "Vizela",
      "população": 63510,
      "descrição": "Non mollit cupidatat ea sint est velit. Aliquip velit fugiat labore esse Lorem enim reprehenderit ex esse aute culpa esse ex pariatur. Ea sunt adipisicing consectetur ad labore minim. Esse commodo sint in velit sit elit. Anim id sit aliqua mollit. Cupidatat aliqua tempor elit tempor exercitation id labore cillum ut excepteur deserunt ad tempor velit. Dolor ea anim mollit ut consequat quis in ipsum quis do id culpa nostrud aute.",
      "distrito": "Porto"
    },
    {
      "id": "c87",
      "nome": "Moura",
      "população": 326954,
      "descrição": "Mollit consectetur qui occaecat dolore quis esse consectetur amet mollit aliquip. Aliqua exercitation nostrud mollit eiusmod aliqua anim nulla ea quis ipsum aute ea velit. Est tempor eiusmod quis nisi do eu culpa ea irure occaecat.",
      "distrito": "Beja"
    },
    {
      "id": "c88",
      "nome": "Mortágua",
      "população": 497091,
      "descrição": "Qui veniam Lorem commodo qui incididunt velit culpa eu exercitation magna nisi adipisicing cupidatat deserunt. Aute ullamco reprehenderit laboris aliqua mollit. Aute pariatur irure enim dolor aliquip ea excepteur occaecat. Laborum officia cillum sit deserunt id aliqua do commodo amet mollit qui.",
      "distrito": "Viseu"
    },
    {
      "id": "c89",
      "nome": "Marco de Canavezes",
      "população": 501530,
      "descrição": "Anim non quis est ea ex. Excepteur ad nulla consequat enim occaecat ullamco adipisicing. Sit voluptate labore occaecat quis esse nostrud duis commodo. Nulla irure do incididunt sit adipisicing proident sint id qui. Pariatur tempor excepteur minim tempor ut quis reprehenderit.",
      "distrito": "Porto"
    },
    {
      "id": "c90",
      "nome": "Paços de Ferreira",
      "população": 356448,
      "descrição": "Cillum reprehenderit irure laborum non non. Aliquip dolore exercitation anim labore officia in. Incididunt laboris voluptate aute do culpa enim sit dolor. Commodo elit ea culpa amet exercitation irure officia voluptate non.",
      "distrito": "Porto"
    },
    {
      "id": "c91",
      "nome": "Boticas",
      "população": 547824,
      "descrição": "Esse eiusmod culpa commodo deserunt mollit ipsum amet officia reprehenderit reprehenderit. Consequat veniam cillum fugiat id mollit enim amet enim ex pariatur. Velit sint ea quis incididunt deserunt ullamco laboris dolore aliquip nulla. Anim labore minim laborum proident eu excepteur ut. Deserunt est eiusmod velit in quis adipisicing laborum laborum duis tempor. Anim commodo qui pariatur non duis quis adipisicing ipsum cillum Lorem ipsum.",
      "distrito": "Vila Real"
    },
    {
      "id": "c92",
      "nome": "Penamacor",
      "população": 89630,
      "descrição": "In exercitation esse adipisicing irure dolore sunt ut ad nostrud duis dolore minim consequat incididunt. Consectetur nulla nisi consectetur cupidatat culpa adipisicing ex amet nisi reprehenderit veniam. Occaecat consectetur dolor velit Lorem occaecat laborum enim ullamco. Lorem cillum qui id in ipsum deserunt aliquip ad nulla exercitation veniam pariatur.",
      "distrito": "Castelo Branco"
    },
    {
      "id": "c93",
      "nome": "Campo Maior",
      "população": 246966,
      "descrição": "Laboris incididunt ullamco deserunt voluptate nisi amet. Excepteur minim adipisicing est magna Lorem et incididunt magna. Dolore non anim voluptate ea excepteur Lorem ad officia ullamco. Ex cillum est ipsum pariatur labore Lorem minim exercitation excepteur.",
      "distrito": "Portalegre"
    },
    {
      "id": "c94",
      "nome": "Óbidos",
      "população": 222304,
      "descrição": "Amet non commodo minim mollit esse est enim voluptate aliquip aliquip veniam proident anim exercitation. Anim fugiat cillum eu sunt nostrud commodo eu commodo quis esse incididunt quis id. Commodo in deserunt proident qui. Ullamco quis consectetur adipisicing eu ea officia nisi. Cillum fugiat nisi cillum sunt ullamco aliquip minim. Aliqua est culpa enim pariatur elit irure dolore aliquip tempor dolore anim duis dolor consequat.",
      "distrito": "Leiria"
    },
    {
      "id": "c95",
      "nome": "Nelas",
      "população": 527332,
      "descrição": "Non tempor proident pariatur dolore ipsum. Minim dolor nostrud sit ullamco occaecat irure. Sint exercitation sunt excepteur sunt.",
      "distrito": "Viseu"
    },
    {
      "id": "c96",
      "nome": "Ponte da Barca",
      "população": 21693,
      "descrição": "Excepteur qui non elit fugiat sunt laborum nulla adipisicing. Ea aliquip fugiat officia nisi cupidatat ex duis eiusmod aliquip enim reprehenderit reprehenderit laborum. Esse dolore quis magna incididunt sit minim pariatur nisi. Magna do nulla qui elit. Laborum culpa commodo adipisicing veniam. Ut quis ullamco dolore minim sunt non amet exercitation.",
      "distrito": "Viana do Castelo"
    },
    {
      "id": "c97",
      "nome": "Murtosa",
      "população": 428524,
      "descrição": "Veniam velit cillum exercitation anim laboris in est anim esse. Sit nisi consectetur in incididunt proident fugiat. Deserunt consectetur do sunt labore adipisicing sit et dolore tempor ex voluptate esse consequat aliquip. Veniam ut tempor aute veniam minim amet. Nostrud do officia nostrud velit sint anim incididunt ex est velit dolore cillum.",
      "distrito": "Aveiro"
    },
    {
      "id": "c98",
      "nome": "Baião",
      "população": 213404,
      "descrição": "Laboris et aliqua dolor labore dolore in aute nulla ad qui commodo. Tempor labore magna officia eiusmod deserunt magna culpa. Enim ullamco laboris in cupidatat veniam reprehenderit est elit reprehenderit incididunt commodo laborum magna. Consequat adipisicing reprehenderit esse commodo anim esse aute laboris nulla elit aliqua voluptate sit. Cillum mollit deserunt anim aute et mollit veniam consectetur laborum mollit quis ut sint labore.",
      "distrito": "Porto"
    },
    {
      "id": "c99",
      "nome": "São João da Madeira",
      "população": 402798,
      "descrição": "Commodo proident cupidatat commodo amet magna irure elit elit sunt. Do exercitation duis excepteur est in consectetur voluptate nisi ad aliquip cupidatat. Ex sunt ex duis occaecat commodo duis ea eiusmod in veniam minim. Officia fugiat id nisi commodo consectetur ullamco nostrud qui incididunt sint qui id. Culpa qui eu sunt ut anim anim et dolore voluptate mollit cillum excepteur. Velit exercitation officia nulla irure in et officia nostrud eiusmod irure sunt ad labore.",
      "distrito": "Aveiro"
    },
    {
      "id": "c100",
      "nome": "Caminha",
      "população": 359030,
      "descrição": "Ex ea reprehenderit occaecat laborum adipisicing commodo nulla deserunt laboris laboris cupidatat aliquip magna laborum. Tempor ipsum qui eiusmod cillum amet esse elit fugiat ex nulla labore voluptate occaecat ipsum. Consectetur ut reprehenderit ullamco nostrud tempor deserunt ea adipisicing incididunt.",
      "distrito": "Viana do Castelo"
    }
  ]